ip,initial_sent,coalesced_sent,initial_sent_until_retry,pto_expired,coalesced_received,retry_received,initial_sent_after_retry,initial_received,handshake_received,handshake_sent,packet_dropped,total_sent,total_received,rtt,var,port
1.14.47.202,7,5,3,2.0,3,1.0,4.0,1,4.0,2.0,3.0,9.0,5.0,290.7763,105.18199999999999,784
1.15.174.179,7,7,3,3.0,5,1.0,4.0,1,6.0,5.0,1.0,12.0,7.0,254.68295,113.186375,784
1.15.51.215,7,5,3,2.0,3,1.0,4.0,1,4.0,2.0,3.0,9.0,5.0,235.1288,78.686,784
1.15.90.38,7,5,3,2.0,3,1.0,4.0,1,4.0,2.0,3.0,9.0,5.0,238.54435,85.493,784
101.132.134.206,7,6,3,2.0,4,1.0,4.0,1,4.0,2.0,3.0,9.0,5.0,222.8793,66.795,784
101.132.154.206,7,5,3,2.0,4,1.0,4.0,1,4.0,2.0,3.0,9.0,5.0,260.33555,88.048,784
101.132.174.135,7,8,3,2.0,5,1.0,4.0,1,5.0,3.0,2.0,10.0,6.0,228.33155,67.204,784
101.32.180.62,7,5,3,2.0,4,1.0,4.0,1,4.0,2.0,3.0,9.0,5.0,285.9231,96.28999999999999,784
101.32.27.185,3,5,1,,4,1.0,2.0,1,5.0,3.0,,6.0,6.0,196.79705,49.196,784
103.103.131.105,3,6,1,,7,1.0,2.0,1,5.0,3.0,,6.0,6.0,209.96035,54.434,8853
103.105.98.141,3,5,1,,4,1.0,2.0,1,5.0,3.0,,6.0,6.0,178.7088,45.245000000000005,784
103.108.94.83,7,7,3,2.0,5,1.0,4.0,1,5.0,3.0,2.0,10.0,6.0,320.63865,105.83500000000001,8853
103.124.95.99,7,7,3,2.0,5,1.0,4.0,1,5.0,3.0,3.0,10.0,6.0,207.4948,64.427,784
103.125.217.18,7,7,3,2.0,5,1.0,4.0,1,5.0,3.0,3.0,10.0,6.0,356.3196,121.44149999999999,784
103.127.124.46,7,7,3,2.0,4,1.0,4.0,1,5.0,3.0,3.0,10.0,6.0,264.3791,77.684,8853
103.127.29.198,3,5,1,,5,1.0,2.0,1,5.0,3.0,,6.0,6.0,163.371,36.251,8853
103.149.46.217,7,7,3,2.0,4,1.0,4.0,1,5.0,3.0,3.0,10.0,6.0,358.8649,121.18,784
103.150.187.108,3,6,1,1.0,3,1.0,2.0,1,4.0,5.0,,16.0,10.0,151.3812,43.248,8853
103.199.17.192,3,5,1,,4,1.0,2.0,1,5.0,3.0,,6.0,6.0,192.9518,47.7405,8853
103.226.139.242,3,5,1,,6,1.0,2.0,1,5.0,3.0,,6.0,6.0,204.7563,58.354,784
103.227.252.185,3,5,1,,4,1.0,2.0,1,6.0,3.0,,6.0,7.0,171.8152,46.35,784
103.232.207.2,3,5,1,,5,1.0,2.0,1,4.0,2.0,,5.0,5.0,153.75335,38.784,8853
103.232.207.3,3,3,1,,4,1.0,2.0,1,4.0,2.0,,5.0,5.0,154.8446,34.876,8853
103.248.248.213,7,8,3,2.0,4,1.0,4.0,1,6.0,3.0,3.0,10.0,7.0,273.0131,117.175,784
103.43.148.147,3,3,1,,4,1.0,2.0,1,3.0,1.0,,4.0,4.0,198.9653,59.256,784
103.57.251.20,3,6,1,,7,1.0,2.0,1,5.0,3.0,,6.0,6.0,127.2519,27.424,8853
103.61.37.108,7,6,3,2.0,5,1.0,4.0,1,4.0,2.0,3.0,9.0,5.0,334.2018,110.536,784
103.62.48.147,3,5,1,,4,1.0,2.0,1,5.0,3.0,,6.0,6.0,164.00234999999998,40.8785,8853
103.62.50.101,7,7,3,2.0,4,1.0,4.0,1,5.0,3.0,2.0,10.0,6.0,285.3644,96.33250000000001,8853
103.72.4.152,7,7,3,2.0,4,1.0,4.0,1,5.0,3.0,2.0,10.0,6.0,238.6472,83.753,784
103.74.192.79,7,5,3,2.0,4,1.0,4.0,1,4.0,2.0,3.0,9.0,5.0,264.0327,74.481,784
103.88.47.112,7,7,3,2.0,5,1.0,4.0,1,5.0,3.0,3.0,10.0,6.0,252.73205000000002,74.333,8853
104.194.84.128,3,4,1,,3,1.0,2.0,1,4.0,2.0,,5.0,5.0,170.77265,44.683,784
104.199.26.56,3,4,1,,5,1.0,2.0,1,5.0,2.0,,5.0,6.0,25.427149999999997,9.612,784
104.225.216.16,3,4,1,,3,1.0,2.0,1,4.0,2.0,,5.0,5.0,94.20779999999999,20.8535,784
104.238.181.28,3,5,1,,4,1.0,2.0,1,5.0,3.0,,6.0,6.0,170.59185,42.954,8853
104.243.28.49,3,5,1,,5,1.0,2.0,1,5.0,3.0,,6.0,6.0,165.7843,45.2725,784
104.244.209.134,3,5,1,,4,1.0,2.0,1,5.0,3.0,,6.0,6.0,116.1453,26.01,8853
104.244.72.39,3,4,1,,4,1.0,2.0,1,5.0,2.0,,5.0,6.0,17.41005,7.368399999999999,784
104.33.178.84,7,7,3,2.0,7,1.0,4.0,1,5.0,3.0,1.0,10.0,6.0,177.7673,66.793,784
104.36.148.181,3,5,1,,4,1.0,2.0,1,5.0,3.0,,6.0,6.0,174.06009999999998,44.046,8853
106.105.24.246,7,6,3,2.0,3,1.0,4.0,1,3.0,1.0,3.0,8.0,4.0,301.2206,104.1685,784
106.12.202.161,7,5,3,3.0,3,1.0,4.0,1,4.0,2.0,3.0,45.0,25.0,244.9648,84.685,784
106.14.77.175,7,7,3,2.0,4,1.0,4.0,1,5.0,3.0,3.0,10.0,6.0,268.2876,92.191,784
106.15.74.120,7,6,3,2.0,3,1.0,4.0,1,4.0,2.0,3.0,9.0,5.0,274.77840000000003,102.86349999999999,784
106.75.182.53,7,6,3,4.0,5,1.0,4.0,1,4.0,2.0,3.0,9.0,5.0,258.517,55.137,784
107.155.83.188,3,5,1,,5,1.0,2.0,1,6.0,3.0,,6.0,7.0,129.39684999999997,30.392,784
107.155.95.151,3,5,1,,6,1.0,2.0,1,4.0,2.0,,5.0,5.0,164.38725,42.455,784
107.172.219.129,3,5,1,,4,1.0,2.0,1,5.0,3.0,,6.0,6.0,169.78969999999998,44.524,784
107.173.125.26,3,3,1,,3,1.0,2.0,1,4.0,2.0,,5.0,5.0,139.7905,30.997,784
107.173.52.46,3,5,1,,4,1.0,2.0,1,5.0,3.0,,6.0,6.0,95.9159,22.4595,784
107.174.221.196,3,5,1,,5,1.0,2.0,1,5.0,3.0,,6.0,6.0,165.4555,42.8285,784
107.174.81.67,3,5,1,,4,1.0,2.0,1,5.0,3.0,,6.0,6.0,163.1175,35.773,784
109.235.67.52,3,5,1,,4,1.0,2.0,1,5.0,3.0,,6.0,6.0,38.2412,11.277000000000001,784
110.34.192.81,3,5,1,,4,1.0,2.0,1,5.0,3.0,,6.0,6.0,160.42225,34.981,784
114.32.120.125,7,7,3,2.0,4,1.0,4.0,1,5.0,3.0,3.0,10.0,6.0,218.6266,75.5925,784
114.32.171.219,7,7,3,2.0,4,1.0,4.0,1,5.0,3.0,3.0,10.0,6.0,226.8448,158.0795,784
114.33.28.133,7,7,3,2.0,5,1.0,4.0,1,5.0,3.0,3.0,10.0,6.0,225.7106,64.937,784
114.67.110.66,6,5,2,2.0,5,1.0,4.0,1,5.0,2.0,3.0,8.0,6.0,211.7418,72.2035,784
116.204.183.61,3,5,1,,4,1.0,2.0,1,5.0,3.0,,6.0,6.0,193.89999999999998,48.419,8853
116.62.230.170,7,7,3,2.0,6,1.0,4.0,1,4.0,2.0,3.0,9.0,5.0,280.81595,94.83500000000001,784
116.63.136.113,7,7,3,2.0,5,1.0,4.0,1,6.0,3.0,2.0,50.0,35.0,205.86149999999998,60.253,784
116.85.26.213,7,6,3,2.0,4,1.0,4.0,1,4.0,2.0,3.0,9.0,5.0,260.37555,86.64349999999999,784
118.163.130.167,7,7,3,2.0,6,1.0,4.0,1,5.0,3.0,2.0,10.0,6.0,224.4839,73.9695,784
118.163.170.2,7,7,3,2.0,5,1.0,4.0,1,5.0,3.0,3.0,10.0,6.0,220.2593,80.564,784
118.24.104.242,7,7,3,2.0,6,1.0,4.0,1,5.0,3.0,3.0,10.0,6.0,318.5497,106.9485,784
119.193.114.111,7,8,3,2.0,6,1.0,4.0,1,5.0,3.0,3.0,10.0,6.0,291.509,98.4305,784
119.224.127.171,7,7,3,2.0,5,1.0,4.0,1,5.0,3.0,3.0,10.0,6.0,296.16179999999997,118.17349999999999,8853
119.252.72.43,7,7,3,2.0,5,1.0,4.0,1,5.0,3.0,3.0,10.0,6.0,249.0324,70.563,8853
119.252.80.57,7,7,3,2.0,4,1.0,4.0,1,5.0,3.0,2.0,10.0,6.0,257.72429999999997,75.819,8853
119.252.86.27,7,7,3,2.0,4,1.0,4.0,1,5.0,3.0,2.0,10.0,6.0,213.1552,60.473,8853
119.252.93.133,7,7,3,2.0,5,1.0,4.0,1,5.0,3.0,3.0,10.0,6.0,345.44005,113.4295,8853
119.252.95.133,7,7,3,2.0,4,1.0,4.0,1,5.0,3.0,3.0,10.0,6.0,336.7121,114.0515,8853
119.28.110.67,7,6,3,2.0,4,1.0,4.0,1,4.0,2.0,3.0,9.0,5.0,269.8004,78.582,784
119.28.180.81,7,8,3,2.0,6,1.0,4.0,1,5.0,3.0,3.0,10.0,6.0,320.118,106.19550000000001,784
119.28.58.160,3,3,1,,4,1.0,2.0,1,4.0,2.0,,5.0,5.0,194.6389,56.238,784
119.28.59.205,7,7,3,2.0,6,1.0,4.0,1,5.0,3.0,2.0,10.0,6.0,213.2019,60.129,784
119.28.88.230,7,7,3,2.0,5,1.0,4.0,1,5.0,3.0,3.0,10.0,6.0,319.34185,105.7855,8853
120.55.44.44,7,5,3,2.0,3,1.0,4.0,1,4.0,2.0,3.0,9.0,5.0,314.6257,103.589,784
120.77.250.2,7,7,3,2.0,5,1.0,4.0,1,5.0,3.0,3.0,10.0,6.0,222.6664,80.5655,784
120.77.83.177,7,6,3,2.0,3,1.0,4.0,1,6.0,3.0,3.0,10.0,7.0,243.3279,214.791,784
121.133.94.94,6,4,3,2.0,2,1.0,3.0,1,,,,,,0.0,0.0,784
121.196.146.239,7,7,3,2.0,4,1.0,4.0,1,5.0,3.0,3.0,10.0,6.0,233.8,68.865,784
121.199.79.161,7,9,3,2.0,6,1.0,4.0,1,5.0,3.0,3.0,10.0,6.0,281.2994,94.61349999999999,784
121.36.56.68,7,8,3,3.0,2,1.0,4.0,1,1.0,5.0,2.0,,,131.3565,65.67825,784
121.4.78.184,7,9,3,3.0,7,1.0,4.0,1,7.0,6.0,2.0,13.0,8.0,218.06115,92.12299999999999,784
121.40.74.94,7,6,3,2.0,3,1.0,4.0,1,4.0,2.0,3.0,9.0,5.0,262.1418,75.65,784
121.40.98.11,7,7,3,2.0,4,1.0,4.0,1,5.0,3.0,3.0,10.0,6.0,270.0867,106.9585,784
121.5.226.183,7,5,3,2.0,4,1.0,4.0,1,4.0,2.0,1.0,9.0,5.0,264.1201,76.763,784
122.116.129.2,7,5,3,2.0,4,1.0,4.0,1,4.0,2.0,3.0,9.0,5.0,217.9722,63.222,784
122.116.200.91,7,7,3,2.0,4,1.0,4.0,1,5.0,3.0,3.0,10.0,6.0,225.2753,147.3465,784
122.117.222.121,7,6,3,2.0,4,1.0,4.0,1,4.0,2.0,3.0,9.0,5.0,319.54970000000003,116.733,784
123.195.161.145,7,7,3,2.0,6,1.0,4.0,1,4.0,2.0,3.0,9.0,5.0,275.0639,180.1745,784
124.156.136.216,3,5,1,,5,1.0,2.0,1,5.0,3.0,,6.0,6.0,196.5932,48.881,784
124.156.140.90,7,7,3,2.0,5,1.0,4.0,1,5.0,3.0,2.0,10.0,6.0,209.1517,58.969,784
124.156.184.179,3,5,1,,4,1.0,2.0,1,5.0,3.0,,6.0,6.0,196.47764999999998,49.4805,784
124.70.83.172,7,6,3,2.0,4,1.0,4.0,1,4.0,2.0,3.0,27.0,15.0,268.1752,76.711,784
124.71.162.21,9,6,5,3.0,3,1.0,4.0,1,4.0,2.0,1.0,11.0,5.0,255.81205,86.0765,784
128.199.171.81,7,6,3,2.0,4,1.0,4.0,1,4.0,2.0,3.0,9.0,5.0,266.5424,76.053,784
128.199.233.7,8,9,3,2.0,8,1.0,5.0,3,4.0,3.0,,22.0,10.0,286.0432,88.049,784
129.146.170.128,3,6,1,,6,1.0,2.0,1,5.0,3.0,,6.0,6.0,158.5172,34.814,784
129.159.207.123,3,4,1,,3,1.0,2.0,1,4.0,2.0,,5.0,5.0,19.689300000000003,7.268,784
129.226.100.153,7,5,3,2.0,3,1.0,4.0,1,4.0,2.0,3.0,9.0,5.0,243.80565,81.10249999999999,784
13.113.218.223,7,7,3,2.0,5,1.0,4.0,1,5.0,3.0,2.0,10.0,6.0,252.67475,71.958,784
13.70.30.72,6,4,2,2.0,3,1.0,4.0,1,4.0,2.0,3.0,8.0,5.0,199.0719,69.152,784
130.61.69.193,3,4,1,,4,1.0,2.0,1,6.0,3.0,,6.0,7.0,14.6509,7.524,784
131.100.0.5,3,5,1,,4,1.0,2.0,1,5.0,3.0,,6.0,6.0,154.0552,33.575,8853
131.100.2.149,5,6,3,1.0,4,1.0,2.0,1,5.0,3.0,,8.0,6.0,204.4932,58.713,8853
132.145.85.234,7,6,3,2.0,3,1.0,4.0,1,4.0,2.0,3.0,9.0,5.0,280.63874999999996,96.688,784
132.145.89.230,7,7,3,2.0,6,1.0,4.0,1,6.0,3.0,3.0,10.0,7.0,289.6828,107.5305,784
132.226.232.79,7,6,3,2.0,4,1.0,4.0,1,3.0,1.0,3.0,8.0,4.0,281.1675,96.862,784
134.209.81.226,3,4,1,,5,1.0,2.0,1,5.0,2.0,,5.0,6.0,20.2834,6.408,784
135.125.236.23,3,4,1,,4,1.0,2.0,1,5.0,2.0,,5.0,6.0,19.6689,5.581,784
137.220.51.178,3,5,1,,5,1.0,2.0,1,5.0,3.0,,6.0,6.0,155.3555,33.865,8853
139.155.233.205,7,5,3,2.0,3,1.0,4.0,1,4.0,2.0,2.0,45.0,25.0,293.7088,108.9815,784
139.162.112.47,7,7,3,2.0,5,1.0,4.0,1,5.0,3.0,2.0,10.0,6.0,268.7649,75.714,784
139.162.30.126,3,5,1,,6,1.0,2.0,1,6.0,3.0,,6.0,7.0,167.58015,49.561,784
139.162.70.69,7,7,3,2.0,4,1.0,4.0,1,5.0,3.0,3.0,10.0,6.0,265.85445000000004,76.365,784
139.180.153.150,7,7,3,2.0,4,1.0,4.0,1,5.0,3.0,2.0,10.0,6.0,208.6945,62.474,784
139.255.78.172,7,6,3,2.0,3,1.0,4.0,1,4.0,2.0,3.0,9.0,5.0,202.91355,72.098,784
139.59.227.123,7,8,3,2.0,7,1.0,4.0,1,5.0,3.0,3.0,10.0,6.0,276.8729,79.314,784
139.9.143.3,7,5,3,2.0,4,1.0,4.0,1,4.0,2.0,3.0,9.0,5.0,244.04995,82.071,784
139.99.155.194,7,5,3,2.0,4,1.0,4.0,1,4.0,2.0,3.0,9.0,5.0,306.2441,108.4645,784
139.99.90.8,7,6,3,2.0,3,1.0,4.0,1,3.0,1.0,3.0,8.0,4.0,256.5681,82.711,784
14.192.49.53,3,5,1,,4,1.0,2.0,1,5.0,3.0,,6.0,6.0,187.54745,49.95099999999999,784
140.238.162.129,3,5,1,,4,1.0,2.0,1,5.0,3.0,,6.0,6.0,134.142,45.824,784
140.238.19.164,7,5,3,2.0,3,1.0,4.0,1,3.0,1.0,3.0,8.0,4.0,291.97275,100.79400000000001,784
140.238.246.144,3,5,1,,6,1.0,2.0,1,5.0,3.0,,6.0,6.0,148.861,33.624,784
140.238.36.23,7,6,3,2.0,3,1.0,4.0,1,4.0,2.0,3.0,9.0,5.0,250.77095,83.057,784
140.238.39.120,7,7,3,2.0,5,1.0,4.0,1,5.0,3.0,3.0,10.0,6.0,264.6717,77.281,784
140.238.40.42,7,7,3,2.0,6,1.0,4.0,1,5.0,3.0,3.0,10.0,6.0,261.7928,88.043,784
140.238.48.8,7,7,3,2.0,5,1.0,4.0,1,5.0,3.0,3.0,10.0,6.0,261.0127,87.0235,784
140.238.53.212,7,7,3,2.0,5,1.0,4.0,1,5.0,3.0,2.0,10.0,6.0,264.1438,91.1915,784
143.110.186.86,3,5,1,,5,1.0,2.0,1,5.0,3.0,,6.0,6.0,153.0022,34.186,8853
143.110.229.87,3,5,1,,4,1.0,2.0,1,5.0,3.0,,6.0,6.0,164.2512,42.083,8853
143.110.230.80,3,5,1,,4,1.0,2.0,1,6.0,3.0,,6.0,7.0,168.55790000000002,43.939,784
143.178.67.114,5,5,1,1.0,5,1.0,4.0,1,6.0,3.0,1.0,8.0,7.0,22.30245,17.3955,8853
143.92.43.26,7,6,3,2.0,4,1.0,4.0,1,4.0,2.0,3.0,9.0,5.0,267.5708,81.612,784
144.202.51.176,3,5,1,,4,1.0,2.0,1,5.0,3.0,,6.0,6.0,112.71195,24.655,784
144.34.176.166,3,4,1,,3,1.0,2.0,1,4.0,2.0,,5.0,5.0,168.2265,43.8455,784
144.34.200.57,3,4,1,,4,1.0,2.0,1,4.0,2.0,,5.0,5.0,166.81555,42.8655,784
144.34.254.159,3,5,1,,5,1.0,2.0,1,5.0,3.0,,6.0,6.0,167.46595000000002,44.599000000000004,784
146.59.157.181,3,4,1,,4,1.0,2.0,1,5.0,2.0,,5.0,6.0,24.103,8.31,784
146.59.232.13,3,3,1,,3,1.0,2.0,1,4.0,2.0,,5.0,5.0,28.6536,8.206,784
147.135.109.96,3,5,1,,4,1.0,2.0,1,5.0,3.0,,6.0,6.0,164.8823,42.454,8853
148.81.247.254,3,5,1,,6,1.0,2.0,1,4.0,2.0,,5.0,5.0,40.0445,13.406,784
149.129.115.43,7,5,3,2.0,4,1.0,4.0,1,4.0,2.0,3.0,27.0,15.0,311.16185,104.12899999999999,784
149.248.36.234,3,5,1,,6,1.0,2.0,1,5.0,3.0,,6.0,6.0,156.6904,33.963,8853
149.28.138.127,3,3,1,,3,1.0,2.0,1,4.0,2.0,,5.0,5.0,195.0781,48.983000000000004,784
149.28.148.61,3,5,1,,5,1.0,2.0,1,5.0,3.0,,6.0,6.0,166.2615,42.3005,784
15.165.113.96,7,7,3,2.0,4,1.0,4.0,1,5.0,3.0,3.0,10.0,6.0,286.5181,99.029,784
150.109.196.129,7,5,3,2.0,4,1.0,4.0,1,4.0,2.0,3.0,9.0,5.0,255.6539,74.391,784
150.136.0.232,3,6,1,,7,1.0,2.0,1,5.0,3.0,,6.0,6.0,96.77165,20.6175,784
150.136.167.186,3,6,1,,6,1.0,2.0,1,5.0,3.0,,6.0,6.0,108.54759999999999,22.036,784
152.67.2.170,3,5,1,,4,1.0,2.0,1,5.0,3.0,,6.0,6.0,133.376,28.949,784
154.0.173.6,3,5,1,,4,1.0,2.0,1,5.0,3.0,,6.0,6.0,201.2683,51.674,784
154.49.211.118,3,4,1,,6,1.0,2.0,1,5.0,2.0,,5.0,6.0,29.8133,12.558,784
155.138.130.135,3,5,1,,6,1.0,2.0,1,5.0,3.0,,6.0,6.0,101.364,20.482,8853
155.254.28.98,3,5,1,,4,1.0,2.0,1,5.0,3.0,,6.0,6.0,104.8012,21.723,8853
156.251.165.134,7,6,3,2.0,4,1.0,4.0,1,4.0,2.0,3.0,9.0,5.0,254.9435,75.021,784
157.90.155.38,3,4,1,,4,1.0,2.0,1,5.0,2.0,,5.0,6.0,17.07775,6.887499999999999,784
158.101.98.125,3,4,1,,5,1.0,2.0,1,4.0,2.0,,5.0,5.0,102.65095,26.444499999999998,784
159.100.248.193,3,5,1,,4,1.0,2.0,1,5.0,3.0,,6.0,6.0,28.865,9.868,8853
159.75.70.85,7,6,3,2.0,3,1.0,4.0,1,4.0,2.0,3.0,9.0,5.0,259.32775000000004,73.884,784
160.119.72.32,3,3,1,,3,1.0,2.0,1,4.0,2.0,11.0,5.0,5.0,176.1689,48.689,784
161.117.233.162,7,7,3,2.0,4,1.0,4.0,1,5.0,3.0,2.0,10.0,6.0,253.2012,71.952,784
161.129.152.196,3,5,1,,5,1.0,2.0,1,5.0,3.0,,6.0,6.0,141.204,31.414,784
161.97.79.138,3,3,1,,4,1.0,2.0,1,3.0,1.0,,4.0,4.0,28.05695,9.464,784
162.14.132.76,7,7,3,2.0,4,1.0,4.0,1,5.0,3.0,2.0,10.0,6.0,219.97359999999998,62.658,784
162.220.221.25,3,5,1,,4,1.0,2.0,1,5.0,3.0,,6.0,6.0,162.073,35.91,8853
162.220.222.155,3,5,1,,7,1.0,2.0,1,5.0,3.0,,6.0,6.0,149.8244,34.117,8853
162.220.223.23,3,5,1,,4,1.0,2.0,1,5.0,3.0,,6.0,6.0,113.6688,24.149,8853
162.243.248.156,3,5,1,,4,1.0,2.0,1,5.0,3.0,,6.0,6.0,98.6039,21.605,784
162.250.188.50,3,4,1,,5,1.0,2.0,1,3.0,1.0,,4.0,4.0,100.5415,20.6805,784
162.250.2.3,3,5,1,,5,1.0,2.0,1,5.0,3.0,,6.0,6.0,133.5959,28.967,8853
162.250.7.137,3,5,1,,4,1.0,2.0,1,5.0,3.0,,6.0,6.0,118.7218,30.246,8853
162.55.172.222,3,4,1,,5,1.0,2.0,1,5.0,2.0,,5.0,6.0,18.88245,6.3985,784
162.55.42.240,3,4,1,,3,1.0,2.0,1,4.0,2.0,,5.0,5.0,18.1212,6.287,784
164.160.130.158,3,5,1,,5,1.0,2.0,1,5.0,3.0,,6.0,6.0,122.367,26.271,8853
164.68.113.181,3,5,1,,5,1.0,2.0,1,6.0,3.0,,6.0,7.0,41.4792,11.774000000000001,784
165.22.253.142,7,7,3,2.0,5,1.0,4.0,1,7.0,4.0,3.0,11.0,8.0,262.9419,74.337,784
165.232.162.84,7,7,3,2.0,5,1.0,4.0,1,5.0,3.0,3.0,10.0,6.0,274.4534,78.008,784
166.70.53.115,3,5,1,,6,1.0,2.0,1,4.0,3.0,,6.0,5.0,145.7605,42.986,8853
167.179.109.118,7,7,3,2.0,5,1.0,4.0,1,5.0,3.0,3.0,10.0,6.0,250.0945,70.796,8853
167.99.37.126,3,4,1,,4,1.0,2.0,1,5.0,2.0,,5.0,6.0,15.5881,6.234,784
168.138.192.191,7,5,3,2.0,3,1.0,4.0,1,4.0,2.0,3.0,9.0,5.0,252.1406,84.7365,784
168.138.192.72,7,9,3,2.0,7,1.0,4.0,1,5.0,3.0,2.0,10.0,6.0,249.9378,72.72,784
168.138.36.228,7,7,3,2.0,5,1.0,4.0,1,5.0,3.0,3.0,10.0,6.0,262.0639,88.86,784
168.138.45.71,7,7,3,2.0,4,1.0,4.0,1,5.0,3.0,3.0,10.0,6.0,277.79769999999996,101.47800000000001,784
168.138.47.72,7,7,3,2.0,5,1.0,4.0,1,5.0,3.0,3.0,10.0,6.0,264.8423,76.214,784
170.39.224.134,3,5,1,,5,1.0,2.0,1,5.0,3.0,,6.0,6.0,104.2186,20.616999999999997,8853
170.39.225.135,3,5,1,,4,1.0,2.0,1,5.0,3.0,,6.0,6.0,121.9676,27.329,8853
172.104.118.6,7,8,3,2.0,5,1.0,4.0,1,5.0,3.0,3.0,10.0,6.0,256.1072,77.346,784
172.104.59.35,7,8,3,2.0,4,1.0,4.0,1,5.0,3.0,3.0,10.0,6.0,258.1052,78.292,784
172.105.241.137,7,8,3,2.0,6,1.0,4.0,1,5.0,3.0,2.0,10.0,6.0,266.0223,74.949,784
173.242.127.47,3,4,1,,4,1.0,2.0,1,4.0,2.0,,5.0,5.0,158.9459,42.075,784
173.82.16.26,3,5,1,,4,1.0,2.0,1,5.0,3.0,,6.0,6.0,164.8629,50.274,784
173.82.173.210,3,6,1,,5,1.0,2.0,1,5.0,3.0,,6.0,6.0,168.8041,44.0815,784
173.82.212.51,3,4,1,,3,1.0,2.0,1,4.0,2.0,,5.0,5.0,157.1114,37.978,784
173.82.250.180,3,4,1,,3,1.0,2.0,1,4.0,2.0,,5.0,5.0,163.0281,36.877,784
174.138.29.175,7,7,3,2.0,5,1.0,4.0,1,5.0,3.0,3.0,10.0,6.0,276.6456,80.015,784
174.48.82.184,3,5,1,,6,1.0,2.0,1,5.0,3.0,,6.0,6.0,140.6548,42.675,784
176.103.130.130,3,3,1,,4,1.0,2.0,1,4.0,2.0,,5.0,5.0,19.9325,7.598,784
176.103.130.130,3,3,1,,4,1.0,2.0,1,4.0,2.0,,5.0,5.0,18.9715,7.903,8853
176.103.130.131,3,3,1,,3,1.0,2.0,1,4.0,2.0,,5.0,5.0,22.1859,9.298,784
176.103.130.131,3,4,1,,4,1.0,2.0,1,4.0,2.0,,5.0,5.0,19.1516,3.322,8853
176.103.130.132,3,3,1,,3,1.0,2.0,1,3.0,2.0,1.0,5.0,4.0,21.9149,7.079,784
176.103.130.132,3,4,1,,4,1.0,2.0,1,4.0,2.0,,5.0,5.0,19.2406,6.066,8853
176.103.130.134,3,4,1,,3,1.0,2.0,1,4.0,2.0,,5.0,5.0,20.36965,10.2375,8853
176.103.130.136,3,5,1,,5,1.0,2.0,1,4.0,2.0,,5.0,5.0,27.9408,5.621,784
176.103.130.136,3,4,1,,3,1.0,2.0,1,4.0,2.0,,5.0,5.0,18.28805,7.418,8853
176.103.130.137,3,4,1,,3,1.0,2.0,1,4.0,2.0,,5.0,5.0,11.168,2.23,784
176.103.130.137,3,4,1,,4,1.0,2.0,1,4.0,2.0,,5.0,5.0,15.1457,6.01505,8853
176.126.70.229,3,5,1,,5,1.0,2.0,1,5.0,3.0,,6.0,6.0,43.3712,8.219,784
176.223.136.169,3,5,1,,4,1.0,2.0,1,5.0,3.0,,6.0,6.0,35.6306,7.135,784
176.31.83.186,3,4,1,,4,1.0,2.0,1,5.0,2.0,,5.0,6.0,23.22365,8.207,784
176.58.107.94,3,4,1,,5,1.0,2.0,1,5.0,2.0,,5.0,6.0,25.2082,7.653,784
176.58.89.224,3,4,1,,3,1.0,2.0,1,4.0,2.0,,5.0,5.0,17.5,7.068,784
178.18.54.141,3,5,1,,4,1.0,2.0,1,5.0,3.0,,6.0,6.0,36.558,8.144,784
178.255.153.47,3,4,1,1.0,5,1.0,2.0,1,5.0,2.0,,5.0,6.0,29.9481,9.757,8853
178.255.154.59,3,4,1,,4,1.0,2.0,1,5.0,2.0,,5.0,6.0,29.5188,6.674,8853
178.79.168.139,3,4,1,,3,1.0,2.0,1,4.0,2.0,,5.0,5.0,24.2281,4.855,784
18.166.54.22,7,6,3,2.0,4,1.0,4.0,1,4.0,2.0,3.0,9.0,5.0,288.7161,97.625,784
185.10.16.125,3,5,1,,4,1.0,2.0,1,5.0,3.0,,6.0,6.0,30.1197,5.723,8853
185.104.249.220,3,5,1,,5,1.0,2.0,1,5.0,3.0,,6.0,6.0,55.6752,13.083,784
185.105.3.221,3,4,1,,3,1.0,2.0,1,3.0,1.0,,4.0,4.0,23.87445,7.559,784
185.113.140.120,3,6,1,,6,1.0,2.0,1,5.0,3.0,,6.0,6.0,56.4113,9.6,8853
185.121.25.64,3,3,1,,4,1.0,2.0,1,4.0,2.0,,5.0,5.0,16.4726,5.648,784
185.150.10.229,3,6,1,,7,1.0,2.0,1,5.0,3.0,,6.0,6.0,28.5124,6.243,8853
185.17.121.159,3,4,1,,4,1.0,2.0,1,5.0,3.0,,6.0,6.0,25.6481,9.745550000000001,784
185.17.121.229,3,4,1,,4,1.0,2.0,1,5.0,2.0,,5.0,6.0,16.8934,8.693,784
185.17.3.188,3,6,1,,6,1.0,2.0,1,5.0,3.0,,6.0,6.0,56.1566,12.909,784
185.171.202.184,3,3,1,,3,1.0,2.0,1,4.0,2.0,,5.0,5.0,38.323,12.867,784
185.172.129.86,3,5,1,,4,1.0,2.0,1,5.0,3.0,,6.0,6.0,98.7616,20.846,784
185.18.148.91,3,5,1,,4,1.0,2.0,1,5.0,3.0,,6.0,6.0,26.4345,7.906,8853
185.180.206.110,3,5,1,,4,1.0,2.0,1,5.0,3.0,,6.0,6.0,35.9343,8.283,784
185.200.44.46,3,5,1,,5,1.0,2.0,1,5.0,3.0,,6.0,6.0,50.2777,15.048,784
185.204.0.216,3,5,1,,4,1.0,2.0,1,5.0,3.0,,6.0,6.0,51.412549999999996,14.035499999999999,784
185.204.3.73,5,6,1,1.0,5,1.0,4.0,1,6.0,3.0,1.0,8.0,7.0,60.8965,30.44825,784
185.209.84.31,3,5,1,,5,1.0,2.0,1,5.0,3.0,,6.0,6.0,157.8759,33.957,8853
185.213.174.109,3,4,1,,5,1.0,2.0,1,5.0,2.0,,5.0,6.0,13.3504,3.598,784
185.228.148.83,3,5,1,,4,1.0,2.0,1,5.0,3.0,,6.0,6.0,32.9727,6.434,8853
185.229.226.28,3,5,1,,5,1.0,2.0,1,5.0,3.0,,6.0,6.0,82.819,17.369,8853
185.231.155.252,3,4,1,,4,1.0,2.0,1,4.0,2.0,,5.0,5.0,49.5,14.014,784
185.233.105.50,3,4,1,,3,1.0,2.0,1,4.0,2.0,,5.0,5.0,42.21615,11.8775,784
185.240.84.237,3,5,1,,4,1.0,2.0,1,5.0,3.0,,6.0,6.0,120.768,25.907,8853
185.243.9.209,3,4,1,,6,1.0,2.0,1,5.0,2.0,,5.0,6.0,22.7187,9.509,784
185.40.106.78,3,5,1,,5,1.0,2.0,1,5.0,3.0,,6.0,6.0,51.659,13.984,8853
185.44.81.53,3,5,1,,5,1.0,2.0,1,6.0,3.0,,6.0,7.0,24.5146,10.4204,784
185.70.196.151,3,5,1,,5,1.0,2.0,1,5.0,3.0,,6.0,6.0,33.1682,10.069,784
185.87.111.218,3,5,1,,5,1.0,2.0,1,5.0,3.0,,6.0,6.0,44.8545,11.83,8853
188.166.232.214,7,8,3,2.0,7,1.0,4.0,1,5.0,3.0,2.0,10.0,6.0,254.411,85.566,784
188.172.192.71,3,4,1,,5,1.0,2.0,1,5.0,2.0,,5.0,6.0,19.6963,9.258,8853
188.172.213.149,3,5,1,,4,1.0,2.0,1,5.0,3.0,,6.0,6.0,175.1332,43.730000000000004,8853
188.172.217.27,3,5,1,,5,1.0,2.0,1,5.0,3.0,,6.0,6.0,189.91365000000002,47.576,8853
188.172.219.167,3,5,1,,6,1.0,2.0,1,5.0,2.0,,5.0,6.0,21.8753,7.541,8853
188.172.221.9,3,5,1,,5,1.0,2.0,1,5.0,3.0,,6.0,6.0,100.6589,20.569000000000003,8853
188.172.223.3,3,5,1,,5,1.0,2.0,1,5.0,3.0,,6.0,6.0,38.2903,12.076,8853
188.172.251.1,3,6,1,,6,1.0,2.0,1,5.0,3.0,,6.0,6.0,136.2786,29.99,8853
188.241.178.104,3,5,1,,5,1.0,2.0,1,5.0,3.0,,6.0,6.0,32.5368,7.001,8853
188.244.6.184,3,6,1,,6,1.0,2.0,1,5.0,3.0,,6.0,6.0,62.94565,22.018,784
188.68.59.46,3,4,1,,5,1.0,2.0,1,5.0,2.0,,5.0,6.0,23.588,8.198,784
191.252.186.173,7,5,3,2.0,3,1.0,4.0,1,3.0,1.0,3.0,8.0,4.0,250.0674,77.997,784
191.96.51.196,3,5,1,,4,1.0,2.0,1,5.0,3.0,,6.0,6.0,109.65344999999999,22.761499999999998,8853
192.145.127.148,3,4,1,,5,1.0,2.0,1,5.0,2.0,,5.0,6.0,25.2452,9.428,8853
192.210.203.194,3,5,1,,4,1.0,2.0,1,5.0,3.0,,6.0,6.0,106.6686,21.527,784
192.227.137.91,3,3,1,,3,1.0,2.0,1,4.0,2.0,,5.0,5.0,137.5608,43.727999999999994,784
192.34.80.185,3,5,1,,4,1.0,2.0,1,5.0,3.0,,6.0,6.0,101.19525,23.6525,784
192.53.115.165,3,3,1,,4,1.0,2.0,1,4.0,2.0,,5.0,5.0,167.5299,41.513999999999996,784
192.53.175.149,3,5,1,,4,1.0,2.0,1,5.0,3.0,,6.0,6.0,166.20069999999998,42.4735,784
193.110.202.180,7,7,3,2.0,5,1.0,4.0,1,5.0,3.0,3.0,10.0,6.0,319.36670000000004,106.9225,784
193.122.109.109,7,8,3,2.0,6,1.0,4.0,1,6.0,3.0,3.0,10.0,7.0,291.6582,99.879,784
193.122.125.53,7,7,3,2.0,5,1.0,4.0,1,6.0,3.0,3.0,10.0,7.0,287.08825,120.951,784
193.122.127.0,7,7,3,2.0,4,1.0,4.0,1,5.0,3.0,3.0,10.0,6.0,288.53589999999997,115.56899999999999,784
193.122.146.137,3,5,1,,4,1.0,2.0,1,4.0,2.0,,5.0,5.0,107.9131,23.503,784
193.123.225.24,7,7,3,2.0,4,1.0,4.0,1,6.0,3.0,3.0,10.0,7.0,270.45355,102.7005,784
193.123.229.112,7,7,3,2.0,4,1.0,4.0,1,5.0,3.0,3.0,10.0,6.0,273.2582,77.796,784
193.123.232.64,7,7,3,2.0,5,1.0,4.0,1,6.0,3.0,3.0,10.0,7.0,290.5849,107.202,784
193.123.254.110,7,7,3,2.0,4,1.0,4.0,1,6.0,3.0,3.0,10.0,7.0,279.1453,116.2625,784
193.168.204.73,3,4,1,,5,1.0,2.0,1,5.0,2.0,,5.0,6.0,26.9925,9.942,8853
193.7.200.123,3,5,1,,5,1.0,2.0,1,5.0,3.0,,6.0,6.0,156.7242,35.637,8853
193.9.112.136,3,4,1,,5,1.0,2.0,1,5.0,2.0,,5.0,6.0,30.3008,11.372,8853
194.110.115.97,3,4,1,,4,1.0,2.0,1,5.0,2.0,,5.0,6.0,27.9333,8.358,8853
194.177.23.120,3,5,1,,4,1.0,2.0,1,5.0,3.0,,6.0,6.0,57.3998,12.431,8853
194.195.249.156,7,7,3,2.0,5,1.0,4.0,1,5.0,3.0,3.0,10.0,6.0,300.54970000000003,101.457,784
194.249.0.142,3,4,1,,3,1.0,2.0,1,4.0,2.0,,5.0,5.0,31.9114,9.739,784
194.5.79.82,3,4,1,,5,1.0,2.0,1,3.0,1.0,,4.0,4.0,90.61865,19.795,784
194.62.96.176,3,5,1,,4,1.0,2.0,1,5.0,3.0,,6.0,6.0,44.17225,13.3445,784
194.87.147.4,3,3,1,,4,1.0,2.0,1,4.0,2.0,,5.0,5.0,63.4167,18.942,784
195.181.210.76,3,4,1,,5,1.0,2.0,1,5.0,2.0,,5.0,6.0,34.0036,11.549,784
198.211.40.216,3,5,1,,5,1.0,2.0,1,5.0,3.0,,6.0,6.0,151.3347,35.91,784
198.255.103.36,3,4,1,,3,1.0,2.0,1,4.0,2.0,,5.0,5.0,162.26549999999997,41.828,784
198.46.152.146,3,5,1,,5,1.0,2.0,1,5.0,3.0,,6.0,6.0,166.7707,50.461,784
199.115.228.168,3,4,1,,3,1.0,2.0,1,3.0,1.0,,4.0,4.0,168.03764999999999,42.611000000000004,784
199.119.65.94,3,5,1,,4,1.0,2.0,1,5.0,3.0,,6.0,6.0,112.6365,22.162,8853
199.247.16.158,3,4,1,,6,1.0,2.0,1,5.0,2.0,,5.0,6.0,24.2176,9.504,8853
2.56.8.155,3,4,1,,4,1.0,2.0,1,4.0,2.0,,5.0,5.0,24.022,5.292,784
2.58.242.209,7,7,3,2.0,5,1.0,4.0,1,5.0,3.0,3.0,10.0,6.0,232.70794999999998,85.446,784
200.25.22.68,7,7,3,2.0,5,1.0,4.0,1,5.0,3.0,2.0,10.0,6.0,240.2491,68.2,8853
200.25.27.29,3,5,1,,6,1.0,2.0,1,5.0,3.0,,6.0,6.0,179.3014,46.1505,8853
200.25.32.197,3,5,1,,5,1.0,2.0,1,5.0,3.0,,6.0,6.0,170.3974,42.355000000000004,8853
200.25.36.70,3,5,1,,4,1.0,2.0,1,5.0,3.0,,6.0,6.0,193.206,48.6225,8853
200.25.45.97,7,7,3,2.0,4,1.0,4.0,1,5.0,3.0,2.0,10.0,6.0,202.1733,60.242,8853
200.25.57.69,3,6,1,,6,1.0,2.0,1,5.0,3.0,,6.0,6.0,200.3505,50.510000000000005,8853
200.25.62.68,7,8,3,2.0,5,1.0,4.0,1,5.0,3.0,2.0,10.0,6.0,286.09045000000003,96.58000000000001,8853
202.5.18.122,3,3,1,,3,1.0,2.0,1,3.0,1.0,,4.0,4.0,165.1023,44.739000000000004,784
203.129.21.99,7,7,3,2.0,6,1.0,4.0,1,5.0,3.0,3.0,10.0,6.0,292.3714,102.8675,784
203.153.108.122,7,7,3,2.0,4,1.0,4.0,1,6.0,3.0,3.0,10.0,7.0,285.8879,114.771,784
203.153.116.141,7,6,3,2.0,4,1.0,4.0,1,4.0,2.0,3.0,9.0,5.0,222.45045,78.534,784
203.162.172.59,7,7,3,2.0,5,1.0,4.0,1,5.0,3.0,3.0,10.0,6.0,205.43630000000002,58.253,8853
203.76.245.200,7,7,3,2.0,4,1.0,4.0,1,5.0,3.0,3.0,10.0,6.0,264.5513,76.758,8853
204.16.247.177,3,5,1,,5,1.0,2.0,1,5.0,3.0,,6.0,6.0,116.0158,25.605,8853
205.185.117.191,3,4,1,,3,1.0,2.0,1,4.0,2.0,,5.0,5.0,153.6798,42.291,784
205.185.118.92,3,7,1,1.0,6,1.0,2.0,1,5.0,4.0,,21.0,18.0,154.1589,44.929,784
206.189.151.143,7,7,3,2.0,4,1.0,4.0,1,5.0,3.0,2.0,10.0,6.0,265.5397,76.222,784
207.148.76.214,7,7,3,2.0,5,1.0,4.0,1,5.0,3.0,3.0,10.0,6.0,257.08774999999997,89.03049999999999,784
207.148.84.39,7,7,3,2.0,6,1.0,4.0,1,5.0,3.0,3.0,10.0,6.0,283.6131,93.8655,8853
207.154.225.150,3,4,1,,3,1.0,2.0,1,4.0,2.0,,5.0,5.0,25.2019,10.74,784
207.246.91.188,3,5,1,,5,1.0,2.0,1,5.0,3.0,,6.0,6.0,93.4788,19.372500000000002,8853
208.89.60.14,3,5,1,,4,1.0,2.0,1,5.0,3.0,,6.0,6.0,104.4228,24.7185,8853
209.141.55.198,3,7,1,1.0,5,1.0,2.0,1,4.0,5.0,,16.0,10.0,154.1914,44.114,8853
209.208.110.56,3,5,1,,5,1.0,2.0,1,5.0,3.0,,6.0,6.0,121.99340000000001,25.958,8853
209.209.59.227,5,6,3,1.0,5,1.0,2.0,1,5.0,3.0,,8.0,6.0,165.8388,46.713,8853
209.250.226.191,3,4,1,,5,1.0,2.0,1,5.0,2.0,,5.0,6.0,22.0498,9.012,8853
210.100.131.252,7,7,3,2.0,5,1.0,4.0,1,5.0,3.0,3.0,10.0,6.0,287.1776,96.81049999999999,784
211.149.233.189,7,7,3,3.0,5,1.0,4.0,1,6.0,5.0,3.0,12.0,7.0,314.0446,139.49845,784
212.28.67.149,3,5,1,,5,1.0,2.0,1,5.0,3.0,,6.0,6.0,49.8924,10.394,784
213.166.71.156,3,3,1,,3,1.0,2.0,1,3.0,1.0,,4.0,4.0,14.0413,7.518,784
213.181.80.143,5,4,1,1.0,4,1.0,4.0,1,3.0,1.0,1.0,6.0,4.0,48.736,24.2398,784
213.183.62.11,3,5,1,,5,1.0,2.0,1,5.0,3.0,,6.0,6.0,46.8809,15.27,8853
213.227.173.235,3,5,1,,5,1.0,2.0,1,5.0,3.0,,6.0,6.0,112.1711,23.808500000000002,8853
213.227.181.51,3,5,1,,4,1.0,2.0,1,5.0,3.0,,6.0,6.0,80.9013,13.777,8853
216.189.147.50,3,5,1,,6,1.0,2.0,1,5.0,3.0,,6.0,6.0,111.10804999999999,22.189999999999998,784
216.230.232.29,3,5,1,,5,1.0,2.0,1,5.0,3.0,,6.0,6.0,122.2739,27.101,8853
217.138.209.217,3,5,1,,5,1.0,2.0,1,5.0,3.0,,6.0,6.0,43.7958,7.811,8853
217.146.1.31,3,4,1,,4,1.0,2.0,1,5.0,3.0,,6.0,6.0,43.1904,9.694,8853
217.146.11.49,3,5,1,,4,1.0,2.0,1,5.0,3.0,,6.0,6.0,162.6123,35.777,8853
217.146.22.163,3,5,1,,7,1.0,2.0,1,5.0,2.0,,5.0,6.0,18.5274,3.765,8853
217.146.31.87,3,5,1,,6,1.0,2.0,1,5.0,2.0,,5.0,6.0,24.4477,4.584,8853
217.146.9.93,3,5,1,,4,1.0,2.0,1,5.0,3.0,,6.0,6.0,208.4335,51.584999999999994,8853
217.160.26.168,3,4,1,,4,1.0,2.0,1,5.0,2.0,,5.0,6.0,17.64315,29.22,784
217.160.68.68,3,4,1,,4,1.0,2.0,1,4.0,2.0,,5.0,5.0,16.110799999999998,8.569500000000001,784
217.182.205.156,3,4,1,,5,1.0,2.0,1,5.0,2.0,,5.0,6.0,34.637100000000004,10.2109,784
218.148.166.100,7,7,3,2.0,4,1.0,4.0,1,5.0,3.0,3.0,10.0,6.0,289.19715,96.8025,784
218.161.26.122,7,7,3,2.0,5,1.0,4.0,1,5.0,3.0,3.0,10.0,6.0,220.1289,64.496,784
218.251.80.123,7,7,3,2.0,4,1.0,4.0,1,4.0,2.0,3.0,9.0,5.0,233.7948,67.523,784
219.93.40.126,7,7,3,2.0,4,1.0,4.0,1,5.0,3.0,2.0,10.0,6.0,222.18955,73.2065,784
220.165.15.137,7,6,3,2.0,3,1.0,4.0,1,4.0,2.0,3.0,9.0,5.0,301.61220000000003,100.74199999999999,784
222.124.173.197,7,7,3,2.0,4,1.0,4.0,1,5.0,3.0,2.0,10.0,6.0,302.1175,101.6995,784
222.235.154.251,7,8,3,2.0,6,1.0,4.0,1,5.0,3.0,2.0,10.0,6.0,268.39575,96.68350000000001,784
223.18.82.10,7,7,3,2.0,3,1.0,4.0,1,4.0,2.0,3.0,9.0,5.0,277.9826,99.7525,784
23.239.67.22,3,5,1,,5,1.0,2.0,1,5.0,3.0,,6.0,6.0,122.29855,26.268,8853
23.81.246.121,3,5,1,,4,1.0,2.0,1,5.0,3.0,,6.0,6.0,153.3438,34.094,8853
23.92.20.93,3,5,1,,4,1.0,2.0,1,5.0,3.0,,6.0,6.0,92.9257,26.718,784
23.94.101.217,3,4,1,,4,1.0,2.0,1,5.0,2.0,,5.0,6.0,11.9491,4.702,784
23.94.105.148,3,4,1,,5,1.0,2.0,1,4.0,2.0,,5.0,5.0,20.8388,6.403,784
23.94.120.177,3,4,1,,5,1.0,2.0,1,4.0,2.0,,15.0,15.0,20.4065,8.419525,784
23.94.216.126,3,3,1,1.0,3,1.0,2.0,1,4.0,2.0,,5.0,5.0,22.5536,8.477,784
23.96.122.170,3,4,1,,5,1.0,2.0,1,4.0,2.0,,5.0,5.0,98.2048,22.122,784
24.15.176.122,3,4,1,,4,1.0,2.0,1,3.0,2.0,,5.0,4.0,123.35695000000001,38.979,784
27.112.79.80,3,6,1,,8,1.0,2.0,1,6.0,3.0,,6.0,7.0,191.6386,47.9805,784
3.0.192.31,3,6,1,,8,1.0,2.0,1,6.0,3.0,,6.0,7.0,172.10185,46.343,784
3.112.236.194,7,7,3,2.0,5,1.0,4.0,1,5.0,3.0,2.0,10.0,6.0,249.5795,72.332,784
3.133.100.55,3,3,1,,3,1.0,2.0,1,3.0,1.0,,4.0,4.0,117.2082,25.13,784
3.7.176.123,3,5,1,,4,1.0,2.0,1,5.0,3.0,,6.0,6.0,149.7691,31.922,784
3.9.78.39,3,4,1,,5,1.0,2.0,1,6.0,3.0,,6.0,7.0,23.6688,8.34,784
31.184.204.142,3,5,1,,6,1.0,2.0,1,6.0,3.0,,6.0,7.0,114.763,29.6285,784
31.184.254.92,3,5,1,,5,1.0,2.0,1,4.0,2.0,,5.0,5.0,46.7973,14.078,784
31.201.14.60,3,4,1,,5,1.0,2.0,1,5.0,2.0,,5.0,6.0,28.90735,14.716375,784
34.238.109.236,3,5,1,,4,1.0,2.0,1,5.0,3.0,,6.0,6.0,101.07665,21.0875,784
34.80.137.209,7,7,3,2.0,4,1.0,4.0,1,6.0,3.0,3.0,10.0,7.0,267.23885,95.1865,784
34.80.2.188,7,7,3,2.0,6,1.0,4.0,1,5.0,3.0,2.0,10.0,6.0,267.7621,78.624,784
34.80.57.32,7,7,3,2.0,5,1.0,4.0,1,5.0,3.0,3.0,10.0,6.0,279.28895,96.4445,784
34.96.142.40,7,5,3,2.0,4,1.0,4.0,1,4.0,2.0,3.0,9.0,5.0,261.17645000000005,92.78399999999999,784
35.156.129.204,3,3,1,,3,1.0,2.0,1,4.0,2.0,,5.0,5.0,19.3842,5.327,784
35.198.139.194,3,4,1,,4,1.0,2.0,1,5.0,2.0,,5.0,6.0,23.04155,8.354,784
35.227.180.93,3,5,1,,4,1.0,2.0,1,5.0,3.0,,6.0,6.0,166.3966,41.8665,784
35.246.244.203,3,5,1,,6,1.0,2.0,1,5.0,3.0,,6.0,6.0,16.057299999999998,5.3085,784
37.120.149.148,3,4,1,,6,1.0,2.0,1,5.0,2.0,,5.0,6.0,32.743,9.933,8853
37.187.19.215,3,4,1,,4,1.0,2.0,1,4.0,2.0,,5.0,5.0,35.0514,15.775,784
37.221.198.103,3,5,1,,4,1.0,2.0,1,5.0,3.0,,6.0,6.0,24.8569,10.421,784
37.235.49.73,3,5,1,,5,1.0,2.0,1,5.0,3.0,,6.0,6.0,59.9714,13.476,8853
37.252.225.79,3,4,1,,4,1.0,2.0,1,5.0,2.0,,5.0,6.0,20.4677,5.927,8853
37.252.230.153,3,6,1,1.0,6,1.0,2.0,1,6.0,5.0,1.0,8.0,7.0,45.7877,62.4705,8853
37.252.238.25,7,7,3,2.0,4,1.0,4.0,1,5.0,3.0,2.0,10.0,6.0,211.6966,61.773,8853
37.252.239.39,7,7,3,2.0,5,1.0,4.0,1,5.0,3.0,2.0,10.0,6.0,235.706,67.121,8853
37.252.243.39,7,7,3,2.0,4,1.0,4.0,1,5.0,3.0,2.0,10.0,6.0,262.1243,74.224,8853
37.252.245.241,3,5,1,,4,1.0,2.0,1,5.0,3.0,,6.0,6.0,141.8934,30.404,8853
37.252.247.133,3,5,1,,4,1.0,2.0,1,5.0,3.0,,6.0,6.0,42.5951,12.361,8853
37.252.249.233,7,7,3,2.0,4,1.0,4.0,1,5.0,3.0,3.0,10.0,6.0,252.2221,71.497,8853
37.252.254.39,3,5,1,,5,1.0,2.0,1,5.0,3.0,,6.0,6.0,47.1193,14.645,8853
38.242.12.100,3,5,1,,4,1.0,2.0,1,5.0,3.0,,6.0,6.0,88.9477,20.366999999999997,784
39.100.20.1,7,8,3,4.0,4,1.0,4.0,1,7.0,6.0,3.0,26.0,16.0,244.1005,69.539,784
39.106.231.126,3,8,1,2.0,7,1.0,2.0,1,7.0,8.0,,33.0,24.0,177.6117,66.853,784
39.108.55.49,7,7,3,2.0,6,1.0,4.0,1,4.0,2.0,2.0,9.0,5.0,223.21475,75.8485,784
40.83.113.177,5,5,3,1.0,4,1.0,2.0,1,4.0,2.0,1.0,7.0,5.0,203.11645,68.5075,784
41.21.230.0,7,8,3,2.0,6,1.0,4.0,1,5.0,3.0,3.0,10.0,6.0,220.215,80.346,784
42.193.160.144,7,5,3,2.0,3,1.0,4.0,1,4.0,2.0,3.0,27.0,15.0,261.3786,91.332,784
42.193.162.97,7,7,3,2.0,5,1.0,4.0,1,5.0,3.0,3.0,10.0,6.0,231.9772,70.226,784
42.194.151.80,7,6,3,2.0,3,1.0,4.0,1,4.0,2.0,3.0,9.0,5.0,260.31615,86.84100000000001,784
43.128.1.27,7,6,3,2.0,4,1.0,4.0,1,4.0,2.0,3.0,9.0,5.0,279.14525000000003,117.347,784
43.128.23.18,7,7,3,2.0,4,1.0,4.0,1,4.0,3.0,2.0,10.0,5.0,342.8305,130.087,784
43.129.10.247,7,5,3,2.0,3,1.0,4.0,1,4.0,2.0,3.0,9.0,5.0,275.9091,82.146,784
43.225.108.163,7,7,3,2.0,6,1.0,4.0,1,5.0,3.0,3.0,10.0,6.0,225.17905000000002,69.783,784
43.229.79.19,3,5,1,,5,1.0,2.0,1,5.0,3.0,,6.0,6.0,199.02835,50.451499999999996,8853
45.11.105.129,7,8,3,2.0,7,1.0,4.0,1,5.0,3.0,3.0,10.0,6.0,216.4456,62.835,8853
45.114.118.156,7,8,3,2.0,7,1.0,4.0,1,5.0,3.0,2.0,10.0,6.0,254.3819,73.248,8853
45.117.103.234,7,7,3,2.0,5,1.0,4.0,1,4.0,2.0,3.0,9.0,5.0,248.0114,75.589,784
45.117.103.43,7,7,3,2.0,7,1.0,4.0,1,6.0,3.0,2.0,10.0,7.0,267.1859,80.436,784
45.12.148.118,3,5,1,,5,1.0,2.0,1,5.0,3.0,,6.0,6.0,168.3875,44.724999999999994,784
45.121.145.91,3,5,1,,5,1.0,2.0,1,5.0,3.0,,6.0,6.0,189.1025,46.7035,8853
45.121.146.34,3,5,1,,5,1.0,2.0,1,5.0,3.0,,6.0,6.0,178.73399999999998,44.9905,8853
45.121.208.210,7,7,3,2.0,4,1.0,4.0,1,5.0,3.0,3.0,10.0,6.0,217.0112,61.313,8853
45.121.209.148,7,7,3,2.0,4,1.0,4.0,1,5.0,3.0,3.0,10.0,6.0,260.7858,75.344,8853
45.124.65.51,7,6,3,2.0,3,1.0,4.0,1,3.0,1.0,3.0,8.0,4.0,257.8535,74.03,784
45.129.2.32,3,5,1,,5,1.0,2.0,1,6.0,3.0,,6.0,7.0,72.589,17.499,784
45.129.228.13,3,5,1,,4,1.0,2.0,1,5.0,3.0,,6.0,6.0,168.2382,42.5075,784
45.129.229.114,3,5,1,,4,1.0,2.0,1,5.0,3.0,,6.0,6.0,181.00705,46.293000000000006,784
45.133.192.14,3,5,1,,5,1.0,2.0,1,5.0,3.0,,6.0,6.0,58.0387,10.498,8853
45.135.149.111,3,4,1,,4,1.0,2.0,1,5.0,2.0,,5.0,6.0,15.800049999999999,6.555,784
45.135.149.33,3,4,1,,4,1.0,2.0,1,5.0,2.0,,5.0,6.0,16.8012,6.609,784
45.136.245.220,3,4,1,,5,1.0,2.0,1,4.0,2.0,,5.0,5.0,71.0997,18.742,784
45.142.246.128,3,5,1,,5,1.0,2.0,1,5.0,3.0,,6.0,6.0,47.9041,12.508,8853
45.195.155.232,7,7,3,2.0,4,1.0,4.0,1,5.0,3.0,3.0,10.0,6.0,276.1152,97.13900000000001,784
45.32.191.175,7,7,3,2.0,5,1.0,4.0,1,6.0,3.0,3.0,10.0,7.0,282.44145000000003,106.47399999999999,784
45.32.79.76,3,5,1,,4,1.0,2.0,1,5.0,3.0,,6.0,6.0,163.4704,41.427,8853
45.61.53.161,3,4,1,,3,1.0,2.0,1,3.0,1.0,,4.0,4.0,157.8039,49.108,784
45.76.144.218,3,5,1,,4,1.0,2.0,1,5.0,3.0,,6.0,6.0,187.4909,46.925,8853
45.76.16.236,3,5,1,,4,1.0,2.0,1,5.0,3.0,,6.0,6.0,119.82675,27.596,8853
45.76.90.163,3,4,1,,4,1.0,2.0,1,3.0,1.0,,4.0,4.0,12.353,4.3385,784
45.77.162.235,3,5,1,,5,1.0,2.0,1,5.0,3.0,,6.0,6.0,127.9693,28.03,8853
45.77.22.167,7,7,3,2.0,5,1.0,4.0,1,5.0,3.0,3.0,10.0,6.0,230.01885,66.174,784
45.82.178.72,3,5,1,,7,1.0,2.0,1,5.0,2.0,,5.0,6.0,13.46115,8.0775,784
45.91.248.165,3,5,1,,5,1.0,2.0,1,5.0,3.0,,6.0,6.0,109.53975,23.621000000000002,8853
45.91.92.121,3,4,1,,5,1.0,2.0,1,5.0,2.0,,5.0,6.0,34.3561,11.4545,784
46.101.217.169,3,4,1,,3,1.0,2.0,1,3.0,1.0,,4.0,4.0,22.04,8.280000000000001,784
46.231.17.62,3,4,1,,4,1.0,2.0,1,5.0,2.0,,5.0,6.0,15.6199,6.7825,784
46.32.10.110,3,3,1,,4,1.0,2.0,1,4.0,2.0,,5.0,5.0,111.7327,31.89,784
47.101.131.191,7,5,3,2.0,3,1.0,4.0,1,4.0,2.0,3.0,9.0,5.0,275.4302,78.055,784
47.101.140.51,7,6,3,2.0,4,1.0,4.0,1,4.0,2.0,3.0,9.0,5.0,252.3486,71.12,784
47.101.140.61,7,7,3,2.0,6,1.0,4.0,1,5.0,3.0,2.0,10.0,6.0,267.6036,77.628,784
47.101.154.200,7,7,3,2.0,5,1.0,4.0,1,3.0,2.0,4.0,9.0,4.0,266.3651,90.8495,784
47.105.141.0,7,5,3,2.0,3,1.0,4.0,1,4.0,2.0,3.0,9.0,5.0,354.46410000000003,118.93549999999999,784
47.106.217.106,7,7,3,2.0,5,1.0,4.0,1,4.0,2.0,3.0,9.0,5.0,225.18295,77.86699999999999,784
47.106.85.147,7,5,3,2.0,3,1.0,4.0,1,4.0,2.0,2.0,9.0,5.0,209.69375,71.322,784
47.107.67.12,7,7,3,2.0,5,1.0,4.0,1,4.0,2.0,3.0,9.0,5.0,273.3567,78.04,784
47.110.92.151,7,6,3,2.0,5,1.0,4.0,1,4.0,2.0,3.0,9.0,5.0,262.31475,87.02850000000001,784
47.115.42.18,7,5,3,2.0,4,1.0,4.0,1,4.0,2.0,3.0,9.0,5.0,228.98005,64.542,784
47.240.78.210,7,5,3,2.0,4,1.0,4.0,1,4.0,2.0,3.0,9.0,5.0,310.1801,104.2445,784
47.241.17.181,7,6,3,2.0,3,1.0,4.0,1,4.0,2.0,3.0,9.0,5.0,261.3826,81.171,784
47.74.52.201,7,7,3,2.0,4,1.0,4.0,1,4.0,2.0,3.0,9.0,5.0,243.12945,81.8305,784
47.88.52.226,3,4,1,,3,1.0,2.0,1,4.0,2.0,,5.0,5.0,165.25335,43.489999999999995,784
47.94.3.71,7,7,3,2.0,3,1.0,4.0,1,4.0,2.0,3.0,9.0,5.0,208.3043,61.187,784
47.95.118.161,7,6,3,2.0,4,1.0,4.0,1,4.0,2.0,3.0,9.0,5.0,244.9507,75.295,784
47.97.185.170,7,5,3,2.0,3,1.0,4.0,1,4.0,2.0,3.0,9.0,5.0,307.3261,105.4785,784
49.170.160.251,7,7,3,2.0,4,1.0,4.0,1,5.0,3.0,3.0,10.0,6.0,311.6944,118.401,784
5.101.218.126,3,6,1,,6,1.0,2.0,1,5.0,3.0,,6.0,6.0,166.21345,42.794,784
5.103.129.144,5,6,1,1.0,5,1.0,4.0,1,5.0,3.0,,8.0,6.0,45.43545,22.05255,784
5.104.226.148,3,4,1,,5,1.0,2.0,1,5.0,2.0,,5.0,6.0,17.263,7.262,784
5.135.202.106,3,5,1,,7,1.0,2.0,1,5.0,2.0,,5.0,6.0,17.1353,9.437999999999999,784
5.135.233.74,3,4,1,,4,1.0,2.0,1,5.0,2.0,,5.0,6.0,18.5728,6.351,784
5.182.51.137,3,5,1,,4,1.0,2.0,1,5.0,3.0,,6.0,6.0,110.9318,22.3565,8853
5.188.168.252,5,7,3,1.0,5,1.0,2.0,1,5.0,3.0,,8.0,6.0,59.8553,13.718,8853
5.188.3.150,3,5,1,,4,1.0,2.0,1,5.0,3.0,,6.0,6.0,164.30450000000002,36.272,784
5.2.228.227,3,5,1,,5,1.0,2.0,1,5.0,3.0,,6.0,6.0,45.0439,8.783,784
5.253.114.91,3,4,1,,5,1.0,2.0,1,6.0,3.0,,6.0,7.0,16.6002,6.891,784
5.63.158.228,3,6,1,,6,1.0,2.0,1,6.0,3.0,,6.0,7.0,48.3089,20.481,784
51.15.35.250,3,4,1,,4,1.0,2.0,1,5.0,2.0,,5.0,6.0,18.0139,10.216,784
51.15.73.157,3,5,1,,6,1.0,2.0,1,5.0,2.0,,5.0,6.0,12.9002,5.44,784
51.158.105.226,3,3,1,,3,1.0,2.0,1,3.0,1.0,,4.0,4.0,23.530099999999997,9.215,784
51.222.107.153,3,5,1,,5,1.0,2.0,1,5.0,3.0,,6.0,6.0,109.44725,23.194,8853
51.222.28.207,3,5,1,,4,1.0,2.0,1,5.0,3.0,,6.0,6.0,97.0178,18.869999999999997,784
51.38.189.197,3,5,1,,6,1.0,2.0,1,5.0,2.0,,5.0,6.0,24.4179,7.1475,784
51.79.159.77,7,6,3,2.0,4,1.0,4.0,1,3.0,1.0,3.0,8.0,4.0,256.8574,89.727,784
51.79.160.49,7,7,3,2.0,5,1.0,4.0,1,6.0,3.0,3.0,10.0,7.0,267.53875,87.989,784
51.81.81.178,3,5,1,,4,1.0,2.0,1,5.0,3.0,,6.0,6.0,98.9491,21.701,784
52.229.165.230,3,5,1,,5,1.0,2.0,1,5.0,3.0,,6.0,6.0,198.0129,50.635999999999996,784
54.37.237.29,3,3,1,,4,1.0,2.0,1,3.0,1.0,,4.0,4.0,37.4385,13.244,784
61.239.243.22,3,4,1,,4,1.0,2.0,1,3.0,1.0,,4.0,4.0,188.72225,61.166,784
61.76.61.101,7,5,3,2.0,4,1.0,4.0,1,4.0,2.0,3.0,9.0,5.0,280.9998,94.2565,784
62.151.178.144,3,5,1,,4,1.0,2.0,1,4.0,2.0,,5.0,5.0,120.72120000000001,30.606,784
62.210.6.110,3,4,1,,5,1.0,2.0,1,5.0,2.0,,5.0,6.0,23.6462,7.417,784
65.21.144.132,3,5,1,,5,1.0,2.0,1,5.0,3.0,,6.0,6.0,40.534850000000006,13.999,784
65.21.5.106,3,4,1,,3,1.0,2.0,1,4.0,2.0,,5.0,5.0,39.084450000000004,9.605,784
65.49.194.95,3,3,1,,3,1.0,2.0,1,4.0,2.0,,5.0,5.0,162.0073,46.693,784
65.49.215.246,3,4,1,,3,1.0,2.0,1,4.0,2.0,,5.0,5.0,163.5873,41.684,784
66.181.42.75,3,5,1,,4,1.0,2.0,1,5.0,3.0,,6.0,6.0,121.1371,30.87,784
66.42.59.93,3,5,1,,5,1.0,2.0,1,5.0,3.0,,6.0,6.0,177.92025,45.6385,784
67.230.170.175,7,7,3,2.0,4,1.0,4.0,1,5.0,3.0,1.0,10.0,6.0,186.3178,78.071,784
67.230.177.191,3,5,1,,5,1.0,2.0,1,6.0,3.0,,6.0,7.0,159.2064,36.728,784
68.183.91.243,3,5,1,,5,1.0,2.0,1,5.0,3.0,,6.0,6.0,151.462,32.655,8853
73.79.210.148,3,5,1,,5,1.0,2.0,1,5.0,3.0,,6.0,6.0,122.281,35.928,784
74.118.141.85,3,5,1,,4,1.0,2.0,1,5.0,3.0,,6.0,6.0,121.80009999999999,28.613,8853
78.102.108.90,5,5,1,1.0,5,1.0,4.0,2,6.0,3.0,1.0,8.0,7.0,37.4765,130.0615,784
8.131.53.36,3,5,1,1.0,3,1.0,2.0,1,6.0,4.0,1.0,28.0,28.0,183.1786,48.1425,784
8.131.58.149,7,7,3,2.0,7,1.0,4.0,1,6.0,3.0,3.0,10.0,7.0,250.842,82.326,784
8.131.64.60,7,5,3,2.0,3,1.0,4.0,1,4.0,2.0,3.0,9.0,5.0,257.42044999999996,85.19200000000001,784
8.135.0.50,7,7,3,2.0,5,1.0,4.0,1,5.0,3.0,4.0,10.0,6.0,222.9814,63.721,784
8.39.235.108,5,6,3,1.0,5,1.0,2.0,1,5.0,3.0,,8.0,6.0,168.531,51.065,8853
8.9.5.237,9,8,7,3.0,5,1.0,2.0,1,5.0,3.0,,12.0,6.0,91.0704,27.898,784
80.194.132.17,3,5,1,,5,1.0,2.0,1,5.0,3.0,,6.0,6.0,43.59625,13.3255,784
80.240.16.56,3,4,1,,4,1.0,2.0,1,5.0,2.0,,5.0,6.0,17.8813,5.598,784
81.68.157.7,7,8,3,4.0,4,1.0,4.0,1,5.0,4.0,2.0,11.0,6.0,265.3549,75.499,784
81.68.209.122,7,5,3,2.0,4,1.0,4.0,1,4.0,2.0,2.0,9.0,5.0,271.8398,89.756,784
81.70.197.6,7,9,3,4.0,7,1.0,4.0,1,7.0,6.0,3.0,26.0,16.0,304.2678,115.817,784
81.70.202.27,5,6,3,2.0,5,1.0,2.0,1,6.0,5.0,,40.0,28.0,176.8594,68.566,784
81.70.94.171,9,12,3,5.0,7,1.0,6.0,1,7.0,6.0,,30.0,16.0,256.4024,76.834,784
81.71.141.138,7,7,3,2.0,4,1.0,4.0,1,6.0,3.0,2.0,10.0,7.0,277.483,91.271,784
81.71.24.143,7,5,3,2.0,3,1.0,4.0,1,4.0,2.0,3.0,9.0,5.0,270.2899,76.691,784
81.71.73.142,7,5,3,2.0,4,1.0,4.0,1,4.0,2.0,3.0,9.0,5.0,260.3787,75.688,784
81.95.1.120,3,4,1,,3,1.0,2.0,1,3.0,1.0,,4.0,4.0,19.9497,7.765,784
82.118.227.235,3,5,1,,5,1.0,2.0,1,5.0,3.0,,6.0,6.0,43.5201,12.7725,784
82.156.182.7,9,10,3,4.0,7,1.0,6.0,1,6.0,5.0,3.0,28.0,14.0,243.7723,106.775125,784
82.165.110.117,3,4,1,,4,1.0,2.0,1,5.0,2.0,,5.0,6.0,30.467,13.718,784
82.165.167.91,3,4,1,,4,1.0,2.0,1,4.0,2.0,,5.0,5.0,15.5846,7.014,784
82.165.23.176,7,6,5,2.0,5,1.0,2.0,1,5.0,2.0,,9.0,6.0,16.09505,14.855,784
82.64.186.84,3,5,1,1.0,4,1.0,2.0,1,5.0,3.0,,6.0,6.0,38.2251,22.96255,784
82.65.248.221,3,5,1,,6,1.0,2.0,1,5.0,3.0,,6.0,6.0,71.2688,20.502,784
83.212.102.207,3,5,1,,4,1.0,2.0,1,5.0,3.0,,6.0,6.0,63.2759,23.735,784
83.85.202.186,5,5,1,1.0,7,1.0,4.0,1,6.0,3.0,1.0,8.0,7.0,30.5751,16.4355,784
85.175.98.82,3,4,1,,3,1.0,2.0,1,4.0,2.0,,5.0,5.0,60.8463,26.108,784
85.175.98.82,2,3,2,,2,,,1,4.0,2.0,,4.0,4.0,89.06205,83.51050000000001,8853
85.2.39.233,3,4,1,,5,1.0,2.0,1,5.0,2.0,,5.0,6.0,28.95995,12.043,784
85.235.65.70,3,4,1,,4,1.0,2.0,1,5.0,2.0,,5.0,6.0,24.7301,9.2585,784
86.106.103.153,3,5,1,,4,1.0,2.0,1,5.0,3.0,,6.0,6.0,39.9833,14.156,8853
86.106.90.57,3,5,1,,4,1.0,2.0,1,5.0,3.0,,6.0,6.0,99.5694,21.932000000000002,8853
86.247.201.169,3,5,1,,7,1.0,2.0,1,6.0,3.0,,6.0,7.0,32.2465,13.469000000000001,784
87.106.168.61,3,3,1,,3,1.0,2.0,1,4.0,2.0,,5.0,5.0,22.077199999999998,8.75,784
87.239.50.9,3,5,1,,7,1.0,2.0,1,6.0,3.0,,6.0,7.0,201.332,51.857,784
87.98.147.127,3,4,1,,4,1.0,2.0,1,4.0,2.0,,5.0,5.0,20.3898,8.254999999999999,784
89.187.161.167,7,7,3,2.0,5,1.0,4.0,1,5.0,3.0,3.0,10.0,6.0,268.0152,76.941,8853
89.80.180.78,3,5,1,,5,1.0,2.0,1,6.0,3.0,,6.0,7.0,39.1595,19.57975,784
90.119.115.69,3,4,1,,5,1.0,2.0,1,3.0,2.0,,5.0,4.0,32.1723,9.04,784
91.190.23.63,3,4,1,,4,1.0,2.0,1,3.0,2.0,,5.0,4.0,42.916,12.472,784
91.219.236.126,3,3,1,,4,1.0,2.0,1,3.0,1.0,,4.0,4.0,34.5701,14.841,784
91.230.211.67,3,5,1,,6,1.0,2.0,1,6.0,3.0,,6.0,7.0,97.7663,19.316000000000003,784
91.234.248.103,3,4,1,,4,1.0,2.0,1,5.0,2.0,,5.0,6.0,27.663,10.155,784
91.239.27.199,3,6,1,,7,1.0,2.0,1,5.0,3.0,,6.0,6.0,49.4818,13.517,784
92.223.109.31,5,6,3,2.0,4,1.0,2.0,1,6.0,3.0,,8.0,7.0,101.53495,29.4585,784
92.223.65.71,3,5,1,,6,1.0,2.0,1,6.0,3.0,,6.0,7.0,54.1741,11.925,784
92.38.128.211,3,5,1,,5,1.0,2.0,1,4.0,2.0,,5.0,5.0,156.3698,34.458,784
92.38.163.181,3,4,1,,5,1.0,2.0,1,5.0,2.0,,5.0,6.0,16.348950000000002,4.488,784
92.38.166.121,7,7,3,2.0,5,1.0,4.0,1,5.0,3.0,3.0,10.0,6.0,261.8879,76.401,8853
93.115.24.204,5,6,3,1.0,4,1.0,2.0,1,6.0,3.0,,8.0,7.0,43.703149999999994,19.174,784
93.115.24.205,7,7,5,2.0,4,1.0,2.0,1,6.0,3.0,,10.0,7.0,55.8625,22.549500000000002,784
93.185.2.4,7,8,1,2.0,5,1.0,6.0,1,5.0,3.0,4.0,10.0,6.0,29.9471,70.169,784
93.189.61.195,3,4,1,,4,1.0,2.0,1,5.0,2.0,,5.0,6.0,16.8731,7.5449,8853
93.9.104.4,3,5,1,,5,1.0,2.0,1,4.0,3.0,1.0,6.0,5.0,40.400800000000004,12.939499999999999,784
94.103.80.158,3,4,1,,5,1.0,2.0,1,5.0,2.0,,5.0,6.0,17.6847,5.741,784
94.140.14.14,3,4,1,,4,1.0,2.0,1,4.0,2.0,,5.0,5.0,11.1045,4.567,784
94.140.14.14,3,3,1,,4,1.0,2.0,1,4.0,2.0,,5.0,5.0,12.720600000000001,3.7145,8853
94.140.14.140,3,5,1,,6,1.0,2.0,1,4.0,2.0,,5.0,5.0,21.1312,7.129,784
94.140.14.140,3,3,1,,4,1.0,2.0,1,4.0,2.0,,5.0,5.0,20.3194,7.439,8853
94.140.14.141,3,4,1,,4,1.0,2.0,1,4.0,2.0,,5.0,5.0,12.403,4.6915,784
94.140.14.141,3,4,1,,3,1.0,2.0,1,4.0,2.0,,5.0,5.0,12.5129,4.267,8853
94.140.14.15,3,4,1,,3,1.0,2.0,1,4.0,2.0,,5.0,5.0,12.5375,3.903,784
94.140.14.15,3,3,1,,4,1.0,2.0,1,4.0,2.0,,5.0,5.0,11.074,3.132,8853
94.140.15.15,3,5,1,,5,1.0,2.0,1,4.0,2.0,,5.0,5.0,12.9754,5.819,784
94.140.15.15,3,4,1,,3,1.0,2.0,1,4.0,2.0,,5.0,5.0,10.7033,5.061,8853
94.140.15.16,3,4,1,,3,1.0,2.0,1,4.0,2.0,,5.0,5.0,18.9599,7.406,784
94.140.15.16,3,4,1,,3,1.0,2.0,1,4.0,2.0,,5.0,5.0,19.813,7.1545000000000005,8853
94.177.231.234,3,4,1,,5,1.0,2.0,1,5.0,2.0,,5.0,6.0,12.2261,4.988,784
94.237.75.42,7,7,3,2.0,4,1.0,4.0,1,5.0,3.0,3.0,10.0,6.0,273.1417,80.076,784
94.74.106.164,7,5,3,2.0,3,1.0,4.0,1,4.0,2.0,3.0,9.0,5.0,322.6392,114.12,784
95.165.25.21,3,5,1,,5,1.0,2.0,1,5.0,3.0,,6.0,6.0,62.8069,23.247,784
95.179.134.211,3,4,1,,4,1.0,2.0,1,5.0,2.0,,5.0,6.0,16.1174,3.731,8853
95.94.209.3,3,6,1,,5,1.0,2.0,1,5.0,3.0,,6.0,6.0,73.758,22.402,784
